{
  "name": "지수귀문도 9hex 대표 토폴로지",
  "node_count": 30,
  "hexagon_count": 9,
  "magic_constant": 93,
  "source": "사용자가 제시한 정확한 30정점 9정육각형 그래프 (1-based 노드 번호)",
  "note": "노드 1~30은 원래 번호이며, 코드에서는 0-based 인덱스로 변환해 사용합니다.",
  "vertices": {
    "1": {"x": 0.000000, "y": -3.464102},
    "2": {"x": 0.500000, "y": -2.165064},
    "3": {"x": -1.500000, "y": 0.433013},
    "4": {"x": 0.500000, "y": 3.031089},
    "5": {"x": 0.000000, "y": 3.464102},
    "6": {"x": -1.000000, "y": 0.866025},
    "7": {"x": -1.000000, "y": -1.732051},
    "8": {"x": 1.000000, "y": 0.866025},
    "9": {"x": 1.000000, "y": 1.732051},
    "10": {"x": -0.500000, "y": 2.165064},
    "11": {"x": 1.500000, "y": -0.433013},
    "12": {"x": 0.000000, "y": -1.732051},
    "13": {"x": 0.500000, "y": 0.433013},
    "14": {"x": -0.500000, "y": -0.433013},
    "15": {"x": 0.000000, "y": 0.866025},
    "16": {"x": 0.000000, "y": -0.866025},
    "17": {"x": -0.500000, "y": 0.433013},
    "18": {"x": 0.500000, "y": -0.433013},
    "19": {"x": -0.500000, "y": -2.165064},
    "20": {"x": 1.500000, "y": 0.433013},
    "21": {"x": 0.000000, "y": 1.732051},
    "22": {"x": 1.000000, "y": -1.732051},
    "23": {"x": 1.000000, "y": -0.866025},
    "24": {"x": -1.000000, "y": 1.732051},
    "25": {"x": -1.000000, "y": -0.866025},
    "26": {"x": -0.500000, "y": 3.031089},
    "27": {"x": 0.500000, "y": 2.165064},
    "28": {"x": -1.500000, "y": -0.433013},
    "29": {"x": 0.500000, "y": -3.031089},
    "30": {"x": -0.500000, "y": -3.031089}
  },
  "hexagons": [
    [5, 26, 10, 21, 27, 4],
    [10, 24, 6, 17, 15, 21],
    [27, 21, 15, 13, 8, 9],
    [6, 3, 28, 25, 14, 17],
    [17, 15, 13, 18, 16, 14],
    [8, 13, 18, 23, 11, 20],
    [14, 16, 12, 19, 7, 25],
    [18, 23, 22, 2, 12, 16],
    [12, 19, 30, 1, 29, 2]
  ],
  "edges": [
    [5, 26], [26, 10], [10, 21], [21, 27], [27, 4], [4, 5],
    [10, 24], [24, 6], [6, 17], [17, 15], [15, 21], [21, 10],
    [27, 21], [21, 15], [15, 13], [13, 8], [8, 9], [9, 27],
    [6, 3], [3, 28], [28, 25], [25, 14], [14, 17], [17, 6],
    [17, 15], [15, 13], [13, 18], [18, 16], [16, 14], [14, 17],
    [8, 13], [13, 18], [18, 23], [23, 11], [11, 20], [20, 8],
    [14, 16], [16, 12], [12, 19], [19, 7], [7, 25], [25, 14],
    [18, 23], [23, 22], [22, 2], [2, 12], [12, 16], [16, 18],
    [12, 19], [19, 30], [30, 1], [1, 29], [29, 2], [2, 12]
  ],
  "hex_centers": [
    {"label": "Hex1", "x": 0.0, "y": 3.0},
    {"label": "Hex2", "x": -0.5, "y": 1.5},
    {"label": "Hex3", "x": 0.5, "y": 1.5},
    {"label": "Hex4", "x": -1.0, "y": 0.0},
    {"label": "Hex5", "x": 0.0, "y": 0.0},
    {"label": "Hex6", "x": 1.0, "y": 0.0},
    {"label": "Hex7", "x": -0.5, "y": -1.5},
    {"label": "Hex8", "x": 0.5, "y": -1.5},
    {"label": "Hex9", "x": 0.0, "y": -3.0}
  ]
}
